top_R,top_G,top_B,bot_R,bot_G,bot_B,delta_e,match
254,253,253,238,238,238,3.15,Poor
196,25,54,69,64,50,32.87,Moderate
254,254,254,39,43,48,74.07,Good
236,235,236,105,123,153,34.1,Moderate
254,254,254,226,227,226,5.76,Poor
243,219,133,235,236,232,21.47,Poor
180,181,178,235,235,231,13.01,Poor
207,179,116,253,254,253,25.72,Moderate
110,40,41,174,149,111,40.76,Moderate
240,239,239,235,236,232,2.69,Poor
228,228,228,235,235,231,2.56,Poor
185,185,185,253,254,253,15.7,Poor
254,254,254,254,254,254,0.0,Poor
253,253,253,243,241,237,3.17,Poor
253,253,253,254,254,254,0.2,Poor
254,254,254,254,254,254,0.0,Poor
232,228,219,247,247,247,5.91,Poor
254,254,254,254,254,254,0.0,Poor
245,246,245,174,149,111,28.13,Moderate
248,248,248,254,254,254,1.2,Poor
53,75,69,254,254,254,58.56,Good
237,237,236,77,70,43,56.26,Good
231,229,227,254,254,254,5.29,Poor
254,254,254,254,253,254,0.84,Poor
254,254,254,55,17,31,84.92,Good
249,245,244,238,238,238,2.49,Poor
253,252,251,253,253,252,0.53,Poor
181,177,174,253,253,252,17.62,Poor
226,227,225,237,237,237,2.59,Poor
253,253,253,218,218,213,7.98,Poor
217,214,210,218,218,213,1.91,Poor
243,242,242,54,61,49,62.77,Good
252,252,252,254,254,254,0.4,Poor
214,214,214,254,254,254,8.57,Poor
213,195,55,46,33,29,67.48,Good
254,254,254,238,238,238,3.27,Poor
254,254,254,254,254,253,0.54,Poor
254,254,254,134,135,144,30.86,Moderate
252,253,251,254,254,254,1.31,Poor
254,254,254,237,237,236,3.54,Poor
240,240,238,230,230,228,2.13,Poor
254,254,254,127,127,127,33.41,Moderate
254,254,254,151,148,142,26.53,Moderate
254,254,252,203,198,198,12.5,Poor
230,229,225,237,237,237,2.68,Poor
190,192,187,42,54,39,56.82,Good
254,254,254,100,69,64,56.21,Good
254,254,253,235,235,231,4.25,Poor
236,235,232,237,235,233,0.84,Poor
228,227,227,94,16,37,70.83,Good
238,238,238,250,251,252,2.72,Poor
252,252,252,238,238,238,2.87,Poor
252,252,252,241,241,241,2.24,Poor
252,252,252,167,156,132,25.6,Moderate
228,228,228,239,240,242,2.77,Poor
232,232,232,231,232,234,1.06,Poor
253,253,253,72,70,52,58.71,Good
62,88,118,240,240,240,49.46,Moderate
244,244,248,26,26,25,85.26,Good
45,45,23,241,241,241,72.39,Good
228,228,228,222,222,222,1.33,Poor
242,241,239,254,254,254,2.83,Poor
247,247,247,230,225,222,5.16,Poor
230,229,227,155,146,127,23.2,Poor
228,228,228,35,39,24,74.83,Good
232,232,232,58,68,65,56.77,Good
229,227,229,46,62,61,60.52,Good
238,239,238,40,75,90,56.35,Good
231,232,230,23,23,23,84.13,Good
179,180,178,48,48,48,51.68,Good
226,227,226,40,75,90,54.32,Good
232,231,229,38,40,41,73.05,Good
228,228,228,90,118,137,35.02,Moderate
246,246,246,70,44,45,68.78,Good
227,227,227,94,97,77,42.16,Moderate
228,228,228,37,37,43,74.2,Good
228,228,228,253,254,254,5.4,Poor
237,235,236,244,244,244,2.18,Poor
230,231,228,246,249,251,4.57,Poor
252,253,253,18,23,37,88.83,Good
239,234,230,251,252,253,4.88,Poor
228,228,228,253,253,253,5.22,Poor
228,228,228,173,163,151,17.46,Poor
228,228,228,254,254,254,5.42,Poor
229,228,228,203,201,208,7.17,Poor
228,228,228,238,202,54,28.14,Moderate
228,228,228,105,102,88,38.87,Moderate
241,241,241,27,29,27,82.82,Good
241,241,241,87,88,84,47.04,Moderate
254,253,253,253,252,251,0.58,Poor
240,232,229,239,239,239,3.9,Poor
246,244,236,252,252,253,4.72,Poor
239,234,228,248,247,244,3.33,Poor
240,235,228,95,90,74,45.07,Moderate
199,198,197,95,57,24,53.37,Good
226,227,225,239,238,237,2.79,Poor
227,227,227,203,213,226,7.38,Poor
240,232,228,28,25,27,83.22,Good
231,230,229,25,22,23,83.69,Good
254,254,253,108,91,139,48.54,Moderate
253,253,252,153,156,152,24.13,Poor
246,246,248,146,108,85,39.65,Moderate
246,246,248,68,46,34,68.69,Good
242,242,241,79,58,50,60.86,Good
247,246,247,148,114,101,36.73,Moderate
247,246,248,154,123,88,35.78,Moderate
231,230,235,243,241,230,8.4,Poor
248,248,248,36,54,53,68.51,Good
245,245,245,252,252,251,1.5,Poor
254,254,254,231,228,222,6.18,Poor
237,237,237,229,228,230,2.27,Poor
245,245,244,31,31,34,81.2,Good
117,62,31,232,232,232,54.97,Good
245,245,244,253,253,252,1.62,Poor
249,249,250,253,253,252,1.33,Poor
221,221,217,253,253,252,7.01,Poor
240,241,243,253,253,252,2.9,Poor
245,245,244,96,96,96,43.87,Moderate
188,187,187,96,96,96,31.73,Moderate
239,240,245,92,92,92,44.83,Moderate
182,218,232,252,252,251,15.16,Poor
243,244,246,254,254,254,2.29,Poor
236,236,236,203,200,197,8.37,Poor
194,182,159,203,200,197,9.63,Poor
247,248,247,214,212,211,7.85,Poor
246,246,248,63,35,13,75.44,Good
234,234,239,87,62,47,57.76,Good
233,233,238,36,36,27,76.93,Good
234,234,238,48,38,25,74.26,Good
234,234,239,113,133,185,31.71,Moderate
235,234,240,204,206,212,6.66,Poor
183,170,208,164,170,140,33.65,Moderate
234,235,239,40,50,62,67.33,Good
234,235,239,252,252,251,4.33,Poor
231,230,231,52,105,31,49.41,Moderate
233,234,238,157,117,97,34.68,Moderate
234,235,239,165,156,145,21.36,Poor
235,234,239,40,38,36,74.61,Good
254,254,254,244,243,243,2.24,Poor
247,247,247,244,243,243,0.93,Poor
250,249,250,244,243,243,1.35,Poor
246,246,246,244,243,243,0.76,Poor
254,254,254,198,188,177,15.86,Poor
253,253,253,196,194,197,13.23,Poor
227,227,227,198,188,177,10.93,Poor
254,254,254,28,29,19,84.82,Good
254,254,254,239,231,228,5.79,Poor
254,254,254,194,179,157,19.74,Poor
254,254,254,190,128,93,35.14,Moderate
109,14,36,213,208,206,63.65,Good
7,61,144,230,227,224,61.6,Good
164,126,107,252,252,251,34.3,Moderate
248,248,248,253,253,251,1.44,Poor
254,254,254,189,182,170,17.43,Poor
239,238,238,238,238,238,0.51,Poor
228,228,228,254,254,254,5.42,Poor
245,245,247,242,234,223,6.86,Poor
245,245,247,250,200,202,18.26,Poor
245,244,247,239,231,228,4.65,Poor
245,244,247,176,176,174,16.56,Poor
245,245,247,175,176,174,16.68,Poor
228,229,229,175,176,174,13.13,Poor
248,248,247,175,176,174,17.08,Poor
254,254,254,61,70,94,58.77,Good
253,254,254,61,70,93,58.73,Good
254,254,254,69,69,68,58.32,Good
254,254,254,60,70,96,58.9,Good
37,168,248,181,184,180,26.64,Moderate
139,24,44,181,184,180,51.97,Good
115,41,115,183,185,182,51.79,Good
254,254,254,238,232,228,5.32,Poor
254,254,254,198,167,140,23.9,Poor
253,253,254,182,178,173,17.62,Poor
254,254,254,46,29,24,81.41,Good
253,252,253,62,46,42,69.68,Good
236,236,236,137,131,117,29.25,Moderate
228,228,228,104,35,37,64.16,Good
227,227,227,70,79,56,51.73,Good
46,106,98,152,155,107,29.1,Moderate
13,13,13,84,99,56,31.13,Moderate
250,251,250,28,36,23,80.49,Good
235,235,233,96,114,83,39.63,Moderate
254,254,254,143,122,55,40.35,Moderate
253,254,254,101,74,56,54.8,Good
254,254,254,101,74,56,54.7,Good
70,52,68,101,74,56,18.67,Poor
253,253,253,101,74,56,54.54,Good
254,254,254,31,31,31,82.35,Good
254,254,254,252,253,251,1.31,Poor
197,197,196,252,253,251,12.44,Poor
92,108,140,252,253,251,43.07,Moderate
253,253,253,252,253,251,1.28,Poor
254,254,254,231,230,238,6.37,Poor
199,151,12,231,230,238,36.56,Moderate
214,191,78,143,122,55,22.06,Poor
240,241,243,231,230,237,3.65,Poor
252,252,252,240,240,240,2.45,Poor
254,253,253,240,240,240,2.74,Poor
252,251,251,243,243,243,1.74,Poor
104,52,54,240,240,240,60.24,Good
3,57,155,240,240,240,63.72,Good
250,164,155,162,185,200,33.28,Moderate
186,86,90,162,185,200,40.55,Moderate
204,170,174,170,190,203,24.05,Poor
252,252,252,52,29,23,80.22,Good
254,254,254,198,152,127,28.14,Moderate
31,42,74,223,223,222,71.0,Good
254,254,254,48,27,22,82.2,Good
253,253,253,90,86,80,49.69,Moderate
252,252,252,253,253,253,0.2,Poor
253,253,254,147,124,99,35.59,Moderate
233,232,230,197,192,177,11.14,Poor
62,28,41,187,185,175,60.45,Good
253,254,254,201,199,188,13.31,Poor
93,41,70,26,32,31,22.31,Poor
110,43,72,200,199,197,55.1,Good
27,27,27,200,199,197,66.8,Good
251,251,251,177,127,86,35.36,Moderate
251,252,252,200,199,197,11.78,Poor
254,254,254,200,199,197,12.2,Poor
253,253,253,245,245,245,1.62,Poor
253,253,253,158,158,158,23.13,Poor
252,251,251,157,157,157,23.09,Poor
254,254,254,159,159,159,23.02,Poor
250,249,249,47,44,41,72.14,Good
15,88,91,46,44,42,22.36,Poor
243,243,243,57,53,47,65.56,Good
252,252,252,204,180,160,19.4,Poor
252,252,252,103,115,127,38.67,Moderate
253,253,253,177,127,86,35.67,Moderate
254,254,254,199,204,227,14.59,Poor
253,253,253,240,240,240,2.65,Poor
254,254,254,194,140,61,35.01,Moderate
254,253,252,184,169,143,22.33,Poor
253,252,252,216,201,192,12.61,Poor
253,253,253,184,178,177,17.34,Poor
254,254,254,110,108,106,40.44,Moderate
72,39,66,130,130,135,33.17,Moderate
253,253,253,187,183,180,16.06,Poor
254,253,253,210,210,209,9.41,Poor
251,250,251,210,210,209,8.89,Poor
254,254,253,177,127,86,35.78,Moderate
254,254,254,240,239,239,3.06,Poor
73,35,45,210,210,209,66.79,Good
254,254,254,210,210,209,9.54,Poor
253,253,253,64,50,37,68.12,Good
253,253,253,62,49,36,68.84,Good
252,252,252,68,54,41,65.6,Good
253,253,254,217,216,215,7.97,Poor
252,252,252,216,216,215,7.75,Poor
100,44,52,216,215,214,59.55,Good
240,1,53,49,33,26,38.26,Moderate
253,252,252,223,216,212,8.09,Poor
254,254,254,239,239,239,3.06,Poor
212,160,55,216,201,192,23.69,Poor
254,254,254,254,253,253,0.53,Poor
253,252,253,153,123,106,34.97,Moderate
253,253,253,241,240,237,3.06,Poor
252,253,253,37,31,25,81.64,Good
252,252,252,85,55,41,63.5,Good
82,41,60,60,34,21,16.49,Poor
222,192,174,57,36,28,62.63,Good
254,254,254,253,253,252,0.58,Poor
239,234,229,56,74,77,55.2,Good
253,253,253,239,239,239,2.86,Poor
253,253,253,231,230,228,4.88,Poor
253,253,253,230,230,228,4.93,Poor
253,253,253,216,201,192,12.95,Poor
253,253,253,230,230,228,4.93,Poor
251,251,251,230,230,228,4.55,Poor
166,92,112,224,227,201,46.7,Moderate
127,64,87,224,226,205,55.7,Good
28,31,55,222,225,191,80.75,Good
253,253,253,141,94,70,45.53,Moderate
227,227,228,142,94,70,41.14,Moderate
241,139,114,239,239,239,29.96,Moderate
243,204,182,123,76,57,41.54,Moderate
214,214,213,216,206,198,5.33,Poor
254,254,254,238,236,242,4.91,Poor
253,252,253,216,201,192,12.75,Poor
222,174,162,51,66,142,52.98,Good
251,186,196,31,34,51,69.76,Good
212,39,38,33,38,62,42.34,Moderate
163,3,4,171,188,210,54.42,Good
253,253,253,31,34,51,79.9,Good
233,233,232,254,254,253,4.33,Poor
249,247,248,115,119,124,35.44,Moderate
252,251,251,159,160,169,22.53,Poor
241,242,244,247,246,246,1.54,Poor
253,253,253,254,254,253,0.57,Poor
253,253,253,254,254,253,0.57,Poor
253,253,253,231,228,228,5.3,Poor
85,36,84,254,254,253,69.99,Good
19,146,110,254,254,253,40.57,Moderate
254,254,254,15,8,12,96.56,Good
7,109,151,15,8,12,37.42,Moderate
228,228,228,16,9,14,85.28,Good
241,227,216,237,237,237,7.21,Poor
253,254,254,126,122,125,34.95,Moderate
252,252,252,126,122,126,34.59,Moderate
253,253,254,131,125,126,33.61,Moderate
13,30,75,66,66,66,22.03,Poor
90,29,39,242,241,240,70.63,Good
204,170,166,231,228,228,17.2,Poor
1,75,61,243,243,239,61.37,Good
186,182,54,213,210,207,26.64,Moderate
234,175,180,221,222,219,22.48,Poor
248,248,248,81,50,41,65.34,Good
229,232,225,189,20,9,52.54,Good
1,90,114,27,25,23,26.56,Moderate
204,170,166,157,148,139,13.8,Poor
81,109,129,41,26,19,33.8,Moderate
10,51,69,253,253,251,72.09,Good
160,139,121,254,254,253,30.09,Moderate
161,157,165,254,254,253,23.86,Poor
166,81,63,231,228,228,42.96,Moderate
38,37,48,254,254,253,77.47,Good
152,173,183,254,254,253,21.82,Poor
248,248,248,52,105,31,51.62,Good
159,150,110,122,119,115,17.07,Poor
223,113,100,52,105,31,56.24,Good
243,250,242,52,104,31,50.27,Good
254,253,253,78,24,39,76.33,Good
243,250,242,78,24,39,78.43,Good
253,253,253,78,24,39,76.41,Good
254,254,254,29,30,40,82.9,Good
244,218,200,29,29,40,79.09,Good
236,165,175,254,253,253,26.05,Moderate
146,24,60,29,29,40,29.19,Moderate
248,248,248,245,245,243,1.25,Poor
167,71,81,240,238,239,46.36,Moderate
254,254,254,245,245,243,2.13,Poor
140,223,213,245,245,243,22.23,Poor
254,253,254,185,177,175,17.65,Poor
142,185,213,185,177,175,19.43,Poor
232,207,202,184,178,175,11.22,Poor
239,195,174,253,253,253,19.23,Poor
252,252,252,252,251,251,0.53,Poor
253,253,253,239,231,228,5.64,Poor
253,253,253,212,206,200,10.71,Poor
248,248,248,212,206,200,9.77,Poor
253,253,253,247,242,246,4.0,Poor
254,254,254,209,206,203,10.53,Poor
83,102,140,141,136,133,22.34,Poor
202,185,169,253,252,251,16.96,Poor
252,251,254,246,245,244,2.47,Poor
253,252,253,143,122,55,40.48,Moderate
254,254,254,63,33,18,76.93,Good
30,30,30,239,237,235,81.05,Good
254,253,253,89,104,113,43.62,Moderate
235,232,229,221,215,209,4.1,Poor
253,254,254,241,233,226,6.24,Poor
238,236,235,2,2,2,90.75,Good
253,253,254,229,228,226,5.45,Poor
254,253,253,189,156,161,25.08,Moderate
254,254,254,229,228,226,5.51,Poor
254,254,254,229,228,226,5.51,Poor
254,254,254,229,228,226,5.51,Poor
252,252,251,177,127,86,35.47,Moderate
234,234,234,229,228,226,1.67,Poor
238,233,229,254,254,254,4.99,Poor
253,254,254,251,251,251,0.75,Poor
254,254,254,202,191,155,19.69,Poor
93,25,76,126,123,119,35.39,Moderate
101,32,74,202,192,154,64.4,Good
254,254,254,204,193,152,20.24,Poor
254,254,254,198,194,187,13.82,Poor
254,254,254,121,154,162,28.85,Moderate
254,254,254,171,176,179,18.57,Poor
61,16,97,38,33,25,30.95,Moderate
233,219,160,216,201,192,16.73,Poor
246,192,198,229,229,231,18.56,Poor
220,221,222,176,170,188,15.27,Poor
228,228,228,228,228,230,1.08,Poor
239,237,238,40,40,40,73.68,Good
219,219,219,229,229,231,2.51,Poor
153,173,138,175,170,188,24.87,Poor
254,254,254,229,229,231,5.28,Poor
232,163,151,241,241,246,25.34,Moderate
69,75,43,241,232,229,55.93,Good
254,254,254,241,241,246,3.65,Poor
89,147,189,244,245,249,31.83,Moderate
43,68,132,194,179,157,54.08,Good
205,205,206,190,128,93,27.7,Moderate
186,186,187,213,208,206,6.31,Poor
253,254,254,231,231,230,4.78,Poor
235,235,235,230,227,224,2.49,Poor
254,254,254,252,252,251,0.68,Poor
254,254,254,253,253,251,1.09,Poor
253,253,254,189,182,170,17.44,Poor
253,253,253,254,254,254,0.2,Poor
253,253,253,241,233,231,5.29,Poor
42,63,148,242,234,223,62.61,Good
252,252,252,250,200,202,19.0,Poor
252,251,252,251,251,251,0.83,Poor
238,237,240,254,254,254,3.83,Poor
72,36,42,80,103,78,39.99,Moderate
254,253,253,253,253,253,0.5,Poor
254,254,254,198,188,177,15.86,Poor
149,246,201,198,188,177,26.96,Moderate
253,253,253,28,29,19,84.72,Good
232,191,110,161,142,125,21.34,Poor
67,34,79,152,142,131,43.19,Moderate
251,251,251,254,254,254,0.6,Poor
94,197,220,254,254,253,26.4,Moderate
246,246,246,238,238,238,1.66,Poor
254,253,253,253,253,253,0.5,Poor
241,241,241,253,253,254,2.51,Poor
210,3,105,253,253,252,49.58,Moderate
254,254,254,244,243,239,3.01,Poor
254,254,254,253,253,253,0.2,Poor
253,253,252,165,152,140,25.35,Moderate
251,252,252,82,114,128,41.24,Moderate
17,43,147,219,205,186,68.83,Good
252,252,252,219,206,188,13.01,Poor
252,252,252,254,254,254,0.4,Poor
251,251,251,219,205,187,13.11,Poor
229,230,225,116,84,69,45.9,Moderate
253,253,253,177,192,206,16.22,Poor
252,254,253,116,83,69,50.45,Good
75,29,48,120,98,74,29.67,Moderate
252,252,252,45,57,76,65.8,Good
31,66,81,224,218,212,58.74,Good
253,253,253,125,126,123,33.79,Moderate
254,254,254,123,109,92,40.45,Moderate
252,251,251,224,206,196,11.97,Poor
253,252,252,159,149,145,25.54,Moderate
31,31,31,254,254,254,82.35,Good
231,230,230,207,198,197,7.98,Poor
250,251,250,248,248,248,0.99,Poor
252,252,252,170,156,134,25.26,Moderate
253,253,253,152,137,126,29.98,Moderate
253,254,254,195,195,196,13.13,Poor
254,254,254,119,50,59,60.81,Good
254,252,252,119,50,59,60.3,Good
254,254,254,118,42,53,63.17,Good
6,83,106,206,205,207,49.09,Moderate
212,205,237,214,213,211,14.74,Poor
253,254,254,218,215,215,8.4,Poor
230,230,228,253,253,252,4.83,Poor
254,254,254,239,239,237,3.27,Poor
108,30,49,210,209,210,61.0,Good
121,33,90,209,210,209,56.99,Good
254,254,253,211,210,216,10.11,Poor
236,236,236,213,213,214,5.14,Poor
254,254,253,215,215,217,8.46,Poor
253,253,252,181,182,183,16.4,Poor
240,241,245,178,177,177,15.38,Poor
200,120,47,220,204,178,26.32,Moderate
254,254,254,222,203,177,15.75,Poor
206,208,206,221,203,178,11.27,Poor
254,254,253,253,253,253,0.57,Poor
242,91,138,236,235,231,36.78,Moderate
244,244,244,217,212,209,7.3,Poor
244,244,244,217,212,209,7.3,Poor
183,74,79,209,203,199,37.67,Moderate
181,59,57,231,230,238,46.83,Moderate
240,251,253,231,230,238,7.98,Poor
163,62,27,231,230,237,49.82,Moderate
13,78,88,210,193,185,52.98,Good
254,254,253,200,197,188,13.25,Poor
223,224,222,63,47,35,65.45,Good
254,254,254,229,229,229,5.2,Poor
3,75,80,183,170,155,47.77,Moderate
40,55,45,238,233,229,66.37,Good
241,242,244,172,164,160,19.35,Poor
30,85,80,191,180,168,45.69,Moderate
228,207,189,150,137,131,20.68,Poor
40,89,57,239,238,238,54.68,Good
248,241,248,215,184,172,16.59,Poor
246,249,249,173,154,145,24.59,Poor
168,52,71,154,128,103,28.31,Moderate
231,230,229,154,126,101,30.43,Moderate
196,70,117,252,253,253,42.31,Moderate
254,254,254,155,127,102,34.6,Moderate
221,223,223,227,227,232,3.24,Poor
232,134,110,229,230,228,30.48,Moderate
86,83,62,227,227,233,48.96,Moderate
253,253,253,227,227,232,5.96,Poor
253,253,253,253,252,251,0.65,Poor
246,245,245,36,28,28,82.38,Good
254,254,254,63,49,33,69.07,Good
90,47,89,197,155,136,46.25,Moderate
239,241,238,170,16,30,56.28,Good
253,253,253,253,253,252,0.54,Poor
253,253,253,119,111,110,38.74,Moderate
34,71,51,254,254,254,63.56,Good
173,162,153,241,232,229,17.8,Poor
66,204,72,239,234,230,32.63,Moderate
250,245,242,128,3,4,66.15,Good
254,254,254,251,251,251,0.6,Poor
40,49,116,216,228,216,67.67,Good
254,254,254,217,229,217,10.24,Poor
126,36,96,215,228,216,63.53,Good
228,228,228,229,225,224,1.98,Poor
78,41,30,43,48,46,21.64,Poor
26,66,88,41,45,53,11.71,Poor
254,253,253,240,230,233,6.37,Poor
253,253,253,250,250,250,0.6,Poor
254,253,253,249,249,249,0.98,Poor
253,253,253,230,229,227,5.1,Poor
248,228,37,249,249,249,29.59,Moderate
245,245,247,250,250,250,1.46,Poor
231,230,229,249,249,249,4.0,Poor
240,233,230,245,245,245,4.0,Poor
228,228,228,251,251,251,4.82,Poor
254,253,253,251,249,247,1.31,Poor
240,54,19,70,54,43,35.72,Moderate
252,252,252,70,55,44,64.79,Good
245,245,247,70,55,43,63.93,Good
254,254,254,254,253,254,0.84,Poor
254,254,254,245,245,244,1.91,Poor
253,253,253,230,229,227,5.1,Poor
250,251,251,253,253,252,0.76,Poor
251,253,253,229,229,228,5.03,Poor
252,252,252,254,254,254,0.4,Poor
228,228,228,253,253,253,5.22,Poor
253,253,253,253,253,253,0.0,Poor
240,239,239,253,254,254,3.14,Poor
34,167,122,254,253,253,36.61,Moderate
133,166,178,245,244,245,24.17,Poor
254,254,254,254,254,253,0.54,Poor
253,253,254,29,20,22,89.43,Good
254,254,254,30,21,24,88.72,Good
254,254,254,254,254,254,0.0,Poor
254,254,254,31,21,24,88.53,Good
254,254,254,252,208,227,18.51,Poor
247,247,247,252,208,227,18.0,Poor
254,253,253,242,241,237,3.27,Poor
254,254,254,252,208,228,18.6,Poor
238,239,238,131,130,110,31.1,Moderate
240,235,229,130,106,80,37.8,Moderate
198,60,44,251,251,251,47.76,Moderate
254,254,254,61,78,43,58.84,Good
28,96,51,254,254,254,55.78,Good
110,12,21,254,254,254,71.25,Good
239,240,238,253,253,251,2.74,Poor
239,240,238,246,245,247,2.88,Poor
248,248,248,24,26,32,85.69,Good
239,239,239,118,138,90,34.64,Moderate
254,254,254,227,228,248,10.22,Poor
208,192,177,218,214,211,8.12,Poor
201,20,40,91,41,45,22.72,Poor
239,240,244,134,65,81,52.16,Good
243,243,243,133,66,84,52.4,Good
245,245,245,165,161,157,20.66,Poor
33,58,54,165,161,157,43.52,Moderate
249,249,249,165,161,155,21.59,Poor
234,235,234,246,246,246,2.5,Poor
239,240,238,240,240,240,1.3,Poor
239,240,238,95,47,39,64.01,Good
236,236,237,240,240,240,0.99,Poor
240,233,229,239,239,238,3.48,Poor
240,233,229,240,240,240,3.66,Poor
245,239,232,241,240,240,3.69,Poor
57,61,47,254,254,254,64.19,Good
247,246,248,254,254,254,2.01,Poor
252,253,253,229,230,227,5.09,Poor
242,243,245,254,254,253,2.72,Poor
253,253,254,254,254,253,1.09,Poor
254,254,254,230,229,228,5.21,Poor
254,254,254,65,68,48,60.75,Good
86,87,91,79,72,72,6.65,Poor
237,237,237,77,71,75,53.8,Good
102,154,154,77,71,74,36.86,Moderate
229,231,233,254,254,253,5.09,Poor
179,180,178,254,254,254,17.22,Poor
254,254,254,227,221,209,8.96,Poor
29,158,176,41,43,37,42.55,Moderate
254,253,253,205,182,181,17.68,Poor
240,235,229,195,187,182,11.27,Poor
5,137,131,167,148,171,38.65,Moderate
253,253,253,170,172,169,19.38,Poor
252,252,253,254,254,254,0.66,Poor
43,44,62,254,254,254,72.85,Good
232,232,232,254,254,253,4.57,Poor
253,253,253,254,254,254,0.2,Poor
234,232,235,149,144,145,23.11,Poor
231,230,230,244,244,244,2.96,Poor
231,232,232,233,233,230,1.56,Poor
160,141,147,233,233,230,25.37,Moderate
204,122,166,233,233,230,33.97,Moderate
213,213,211,237,227,147,20.84,Poor
254,254,254,38,38,39,77.11,Good
254,254,254,250,249,249,1.08,Poor
215,45,98,232,232,232,43.12,Moderate
232,233,237,63,76,91,52.28,Good
217,228,243,254,254,254,9.18,Poor
253,253,253,77,48,32,67.77,Good
241,236,230,77,48,31,64.96,Good
236,232,230,234,219,123,23.25,Poor
183,183,181,231,229,225,11.26,Poor
254,254,254,254,254,253,0.54,Poor
254,254,254,75,83,70,53.25,Good
222,198,185,89,83,60,43.08,Moderate
253,253,253,231,229,226,5.22,Poor
218,150,153,251,251,251,28.64,Moderate
254,254,254,240,240,240,2.85,Poor
247,247,247,253,253,250,1.96,Poor
254,254,254,254,254,254,0.0,Poor
228,228,228,254,254,254,5.42,Poor
226,230,231,46,45,46,68.83,Good
254,254,254,49,48,49,70.24,Good
254,254,254,241,232,229,5.87,Poor
245,245,245,254,254,253,1.88,Poor
253,253,253,152,154,157,24.46,Poor
254,254,254,254,254,254,0.0,Poor
93,93,98,241,234,231,43.52,Moderate
254,254,254,195,198,198,12.67,Poor
254,254,254,107,84,56,51.12,Good
254,254,254,115,90,61,48.52,Moderate
254,254,254,110,84,55,51.01,Good
254,254,254,246,246,248,1.91,Poor
21,21,21,246,246,248,89.22,Good
52,53,36,246,246,248,67.83,Good
254,254,254,254,254,254,0.0,Poor
228,228,229,184,182,173,12.34,Poor
103,94,90,254,254,254,45.86,Moderate
81,108,85,254,254,254,45.96,Moderate
132,107,137,253,253,252,41.31,Moderate
253,253,253,236,235,231,4.24,Poor
254,254,254,238,233,229,4.99,Poor
254,254,254,229,230,228,5.22,Poor
254,253,253,240,234,230,4.63,Poor
253,254,254,253,253,251,1.06,Poor
225,224,230,254,254,254,6.97,Poor
254,254,254,253,253,251,1.09,Poor
240,243,248,100,104,108,40.31,Moderate
51,81,67,253,253,251,56.97,Good
254,254,254,246,246,246,1.61,Poor
253,253,253,246,246,246,1.41,Poor
252,252,252,230,229,228,4.81,Poor
254,254,254,230,229,228,5.21,Poor
254,254,254,254,254,254,0.0,Poor
254,254,254,246,246,246,1.61,Poor
246,246,246,254,254,254,1.61,Poor
246,246,246,232,232,232,2.94,Poor
9,52,74,232,232,232,68.38,Good
151,167,138,75,74,73,37.73,Moderate
253,253,253,240,240,240,2.65,Poor
254,254,253,240,240,240,2.89,Poor
239,187,32,254,254,254,31.09,Moderate
254,254,254,254,254,254,0.0,Poor
253,253,253,240,233,229,5.18,Poor
254,254,253,239,233,229,5.04,Poor
216,187,106,241,234,231,23.79,Poor
38,158,112,230,229,228,34.51,Moderate
254,254,254,241,234,230,5.17,Poor
227,227,227,254,254,254,5.64,Poor
254,254,254,125,121,116,35.52,Moderate
254,254,254,254,254,254,0.0,Poor
58,29,45,254,254,254,78.6,Good
254,254,254,254,254,254,0.0,Poor
105,110,87,254,254,254,42.31,Moderate
64,17,27,254,254,254,82.71,Good
185,185,185,253,253,252,15.54,Poor
144,86,46,253,253,252,48.63,Moderate
44,32,43,235,235,231,77.41,Good
244,244,244,254,254,254,2.02,Poor
226,226,225,235,235,231,2.46,Poor
228,228,228,61,60,59,59.04,Good
228,228,228,238,233,229,3.03,Poor
228,228,228,238,233,229,3.03,Poor
228,228,228,229,230,228,1.35,Poor
247,247,247,229,230,228,3.88,Poor
235,234,232,240,234,230,2.38,Poor
238,211,218,239,233,229,11.05,Poor
248,244,241,230,229,227,3.59,Poor
254,254,254,230,229,227,5.29,Poor
252,252,252,230,229,227,4.9,Poor
252,252,252,232,232,233,4.17,Poor
251,251,251,201,206,203,10.68,Poor
251,251,251,230,229,227,4.71,Poor
251,251,251,230,229,227,4.71,Poor
243,243,239,230,229,228,3.38,Poor
241,240,240,240,240,240,0.51,Poor
241,240,240,238,238,240,1.14,Poor
254,254,254,237,237,239,3.61,Poor
254,254,254,228,228,230,5.49,Poor
227,227,227,202,200,218,10.39,Poor
227,227,227,254,254,253,5.65,Poor
245,245,245,254,254,254,1.81,Poor
188,154,123,201,206,203,21.32,Poor
91,93,68,58,58,57,15.95,Poor
232,225,209,58,58,57,60.32,Good
247,247,247,58,58,57,63.35,Good
42,30,23,58,58,57,11.38,Poor
71,47,35,57,57,56,13.12,Poor
237,237,237,57,57,56,62.42,Good
230,229,230,57,57,56,61.22,Good
252,252,252,57,57,56,64.68,Good
254,254,254,111,61,24,59.72,Good
254,254,254,111,61,24,59.72,Good
254,254,254,227,227,227,5.64,Poor
65,73,34,112,60,24,24.33,Poor
251,251,251,111,60,24,59.57,Good
251,251,251,112,61,24,59.15,Good
254,254,254,111,61,24,59.72,Good
247,247,247,111,61,24,58.66,Good
254,254,254,111,61,24,59.72,Good
230,230,230,251,251,252,4.43,Poor
254,254,253,111,61,24,59.71,Good
245,246,250,111,61,24,59.02,Good
251,251,251,111,61,24,59.27,Good
236,236,237,165,146,128,24.93,Poor
51,69,70,217,217,217,54.52,Good
238,238,238,49,49,52,67.44,Good
228,228,228,217,217,217,2.47,Poor
247,247,247,217,217,217,6.48,Poor
253,253,253,217,217,217,7.68,Poor
228,228,228,217,217,217,2.47,Poor
254,254,254,217,217,217,7.88,Poor
251,251,251,217,217,217,7.29,Poor
253,254,253,217,217,217,7.87,Poor
227,227,227,217,217,217,2.25,Poor
220,222,223,29,51,106,64.75,Good
129,129,129,217,217,217,25.21,Moderate
228,228,228,217,217,217,2.47,Poor
254,254,254,252,251,252,0.99,Poor
239,239,239,251,251,252,2.53,Poor
254,254,254,252,251,252,0.99,Poor
254,253,253,252,251,252,0.66,Poor
254,254,254,252,251,252,0.99,Poor
254,253,254,252,251,252,0.4,Poor
247,247,247,13,22,19,90.1,Good
228,228,228,251,251,252,4.86,Poor
251,251,251,203,194,179,14.54,Poor
253,253,253,251,251,252,0.66,Poor
252,252,252,251,251,252,0.57,Poor
239,239,239,251,251,252,2.53,Poor
238,238,238,251,251,252,2.74,Poor
238,238,238,251,251,252,2.74,Poor
238,238,238,51,49,53,67.16,Good
235,234,231,50,49,53,66.79,Good
253,253,253,51,49,53,69.26,Good
78,44,36,50,49,53,15.8,Poor
239,239,239,50,49,53,67.43,Good
216,197,191,91,87,81,39.56,Moderate
254,254,254,50,49,53,69.52,Good
247,247,247,50,49,53,68.56,Good
228,228,228,49,49,52,65.96,Good
254,254,254,32,40,46,76.67,Good
254,254,254,49,49,52,69.67,Good
231,232,227,14,22,20,85.19,Good
240,238,236,14,22,20,87.85,Good
254,254,254,14,22,20,90.93,Good
254,254,254,14,22,20,90.93,Good
254,254,254,14,22,20,90.93,Good
241,240,238,254,254,253,2.89,Poor
252,252,252,14,22,20,90.69,Good
238,238,238,13,22,19,87.87,Good
238,238,238,13,22,19,87.87,Good
228,228,228,13,22,19,83.78,Good
254,253,254,13,22,19,91.1,Good
254,254,254,13,22,19,91.14,Good
231,230,236,13,22,19,85.22,Good
233,232,232,230,230,230,0.7,Poor
254,254,254,34,40,48,76.32,Good
254,254,254,34,40,48,76.32,Good
238,238,238,69,64,50,58.83,Good
53,53,53,34,40,48,6.9,Poor
119,45,37,34,40,48,28.36,Moderate
254,253,253,34,40,48,76.24,Good
253,253,254,32,40,46,76.54,Good
253,253,254,32,40,46,76.54,Good
254,254,254,39,49,56,70.9,Good
254,254,254,27,68,94,62.44,Good
254,254,254,32,40,46,76.67,Good
254,254,254,32,40,46,76.67,Good
254,254,254,32,40,46,76.67,Good
240,233,229,237,237,237,3.5,Poor
131,225,236,32,40,46,70.96,Good
240,233,229,230,230,230,3.56,Poor
52,170,180,167,165,160,22.9,Poor
254,254,254,230,230,230,4.98,Poor
246,245,245,230,230,230,3.25,Poor
242,242,242,230,230,230,2.55,Poor
254,254,254,230,230,230,4.98,Poor
233,232,230,230,230,230,1.15,Poor
237,236,236,230,230,230,1.43,Poor
254,253,253,230,230,230,4.85,Poor
254,254,253,237,237,237,3.51,Poor
216,217,225,230,230,230,4.89,Poor
254,254,254,230,230,230,4.98,Poor
254,254,254,41,49,58,70.58,Good
253,253,253,41,49,58,70.44,Good
134,161,203,41,49,58,43.09,Moderate
57,103,117,41,49,58,19.7,Poor
57,103,117,41,49,58,19.7,Poor
254,254,254,39,49,56,70.9,Good
26,31,55,39,49,56,12.35,Poor
254,254,254,39,49,56,70.9,Good
254,253,253,239,238,237,3.13,Poor
239,236,229,169,166,156,17.48,Poor
254,254,254,39,49,56,70.9,Good
253,254,253,39,49,56,70.86,Good
63,24,31,39,49,56,24.55,Poor
101,48,72,169,166,163,45.24,Moderate
253,252,253,169,166,163,20.63,Poor
39,39,42,169,166,163,47.71,Moderate
253,253,253,170,166,163,20.72,Poor
34,39,61,169,166,163,49.23,Moderate
254,254,254,169,166,163,20.94,Poor
193,148,155,238,238,238,25.86,Moderate
200,199,198,168,166,161,9.2,Poor
137,19,29,167,166,161,46.79,Moderate
49,21,32,167,166,161,52.76,Good
176,123,93,167,166,161,21.58,Poor
240,235,229,168,166,161,17.31,Poor
198,145,173,167,166,160,23.44,Poor
247,247,247,32,74,98,58.48,Good
15,15,17,169,166,158,53.59,Good
254,254,254,169,166,158,21.35,Poor
15,15,15,169,166,158,53.52,Good
253,253,253,239,238,237,3.11,Poor
200,212,211,169,166,158,13.45,Poor
102,42,49,169,166,158,47.17,Moderate
254,254,254,169,166,158,21.35,Poor
198,179,202,168,166,156,19.58,Poor
237,237,235,15,15,15,89.1,Good
228,221,210,168,166,156,14.56,Poor
231,230,229,168,166,156,16.83,Poor
248,248,248,168,166,156,20.5,Poor
238,240,238,169,167,156,18.44,Poor
233,232,230,169,166,156,17.02,Poor
239,241,239,150,152,155,22.71,Poor
185,187,185,37,76,102,46.16,Moderate
239,241,238,36,75,101,56.94,Good
254,254,254,36,75,101,58.82,Good
254,254,254,36,74,100,59.24,Good
230,230,228,35,74,100,55.68,Good
254,254,250,34,75,98,59.42,Good
254,254,254,34,75,98,59.03,Good
229,230,228,33,75,98,55.32,Good
229,229,229,33,75,98,55.05,Good
200,200,195,33,75,98,50.31,Good
254,254,254,158,147,124,28.4,Moderate
235,235,235,33,75,98,56.07,Good
155,55,18,206,194,186,43.56,Moderate
254,253,253,206,193,186,14.16,Poor
145,219,227,206,193,186,25.54,Moderate
253,253,253,204,193,184,14.31,Poor
30,55,52,205,193,186,60.36,Good
142,125,175,205,193,185,28.73,Moderate
219,196,174,205,193,186,6.52,Poor
254,254,254,204,193,184,14.49,Poor
254,254,254,204,193,184,14.49,Poor
254,254,254,240,241,242,2.74,Poor
253,254,254,204,193,184,14.61,Poor
232,233,232,96,96,92,41.75,Moderate
238,239,241,96,96,92,43.03,Moderate
151,102,85,96,96,92,20.32,Poor
200,198,199,96,96,92,34.71,Moderate
175,174,171,96,96,92,28.51,Moderate
226,226,225,94,97,91,40.46,Moderate
153,7,22,94,96,91,30.3,Moderate
254,254,254,94,96,91,45.94,Moderate
254,253,253,94,97,91,45.6,Moderate
253,253,252,231,232,234,4.62,Poor
248,248,248,94,97,91,44.65,Moderate
253,253,253,94,96,91,45.77,Moderate
253,253,253,95,97,91,45.41,Moderate
111,77,103,236,235,227,50.94,Good
223,219,216,236,235,227,4.66,Poor
254,254,254,236,235,227,5.58,Poor
238,238,238,236,235,227,3.98,Poor
254,254,254,236,235,227,5.58,Poor
216,216,216,234,235,226,6.11,Poor
220,220,215,234,235,226,3.78,Poor
254,254,254,247,246,246,1.65,Poor
235,235,231,234,235,226,2.52,Poor
217,100,86,234,235,226,38.33,Moderate
144,209,234,234,235,226,21.01,Poor
104,111,80,234,235,226,38.24,Moderate
237,237,237,234,235,226,4.63,Poor
253,253,253,237,214,201,12.39,Poor
253,253,253,237,214,201,12.39,Poor
254,254,254,237,214,201,12.5,Poor
232,232,230,237,214,201,10.29,Poor
228,225,225,237,214,201,8.97,Poor
230,229,227,67,61,43,59.17,Good
254,254,253,235,214,199,12.26,Poor
239,233,228,236,215,200,7.32,Poor
253,254,253,235,214,199,12.61,Poor
254,254,254,235,214,199,12.39,Poor
254,253,253,236,215,200,11.88,Poor
247,246,246,236,214,200,11.23,Poor
254,254,254,236,215,200,12.24,Poor
254,254,254,207,208,214,10.39,Poor
240,235,229,207,208,214,8.73,Poor
251,249,250,207,208,214,9.42,Poor
245,245,245,95,86,77,48.12,Moderate
254,254,254,206,208,214,10.43,Poor
238,238,238,206,208,214,7.38,Poor
238,239,239,205,208,212,7.28,Poor
247,247,249,205,208,212,8.84,Poor
246,249,250,205,208,212,9.1,Poor
100,84,67,205,208,212,42.77,Moderate
74,28,41,205,208,212,68.78,Good
228,228,228,205,208,212,5.18,Poor
253,252,252,205,208,212,10.03,Poor
252,119,80,130,52,36,33.47,Moderate
254,254,254,98,88,76,48.91,Moderate
235,161,145,130,52,36,39.79,Moderate
246,246,246,130,52,36,58.0,Good
245,244,244,130,52,36,57.6,Good
227,227,227,130,52,36,54.95,Good
254,254,253,129,52,34,59.48,Good
251,252,251,129,52,34,59.41,Good
73,29,57,129,52,34,23.96,Poor
238,238,238,129,52,34,56.96,Good
245,246,250,129,52,34,58.58,Good
254,254,254,129,52,34,59.42,Good
228,228,228,253,253,253,5.22,Poor
254,254,254,129,52,34,59.42,Good
254,254,253,252,252,252,0.66,Poor
229,180,45,32,70,99,66.64,Good
242,205,80,252,252,252,28.03,Moderate
181,30,51,58,58,57,29.7,Moderate
235,71,43,111,60,24,26.81,Moderate
254,254,254,34,40,48,76.32,Good
253,252,252,230,230,230,4.65,Poor
197,145,134,41,49,58,46.98,Moderate
241,240,241,205,193,185,11.96,Poor
254,254,254,78,69,60,57.88,Good
200,198,197,57,57,56,55.42,Good
254,254,254,96,96,92,45.66,Moderate
254,253,252,236,235,227,5.17,Poor
177,94,79,32,70,100,40.0,Moderate
254,253,253,31,69,99,61.64,Good
221,213,204,31,69,99,56.75,Good
239,235,238,30,68,98,59.68,Good
232,234,231,30,70,96,58.4,Good
145,21,21,29,68,95,40.5,Moderate
254,254,249,29,68,95,62.88,Good
242,223,87,33,35,35,79.26,Good
239,233,229,29,69,96,59.6,Good
250,183,61,29,69,96,67.38,Good
234,205,92,29,69,96,68.62,Good
219,154,22,111,61,24,39.86,Moderate
254,253,253,252,252,252,0.56,Poor
254,253,253,252,252,252,0.56,Poor
157,72,56,252,252,252,50.32,Good
126,97,86,252,252,252,44.02,Moderate
225,227,229,252,252,252,5.45,Poor
125,44,44,251,252,252,61.64,Good
243,242,242,31,31,31,80.99,Good
254,254,254,252,252,252,0.4,Poor
236,237,240,252,252,252,3.44,Poor
248,248,248,252,252,252,0.8,Poor
254,254,253,252,252,252,0.66,Poor
254,254,254,252,252,252,0.4,Poor
220,204,211,58,58,57,57.58,Good
237,237,237,217,217,217,4.41,Poor
150,181,213,236,236,236,19.74,Poor
229,182,176,214,207,205,13.9,Poor
236,236,237,253,253,252,3.63,Poor
245,245,245,76,57,46,62.22,Good
157,4,61,248,168,160,42.73,Moderate
221,202,202,218,215,217,7.04,Poor
28,54,76,59,32,38,24.44,Poor
253,253,253,189,114,25,40.81,Moderate
253,253,253,195,213,223,12.04,Poor
254,254,254,169,165,124,26.54,Moderate
254,253,253,212,211,219,9.82,Poor
254,254,254,238,238,240,3.41,Poor
251,253,253,185,190,197,14.73,Poor
254,254,254,189,232,244,15.0,Poor
54,65,58,172,171,157,43.3,Moderate
254,254,254,237,236,236,3.68,Poor
254,254,253,214,207,205,10.44,Poor
196,174,147,253,253,252,21.5,Poor
32,32,32,189,232,244,78.2,Good
233,231,229,122,205,215,22.64,Poor
231,229,227,60,57,46,61.43,Good
229,229,226,253,244,243,5.98,Poor
254,254,254,209,214,220,9.34,Poor
254,254,254,250,249,249,1.08,Poor
228,226,226,203,202,204,5.7,Poor
253,252,252,254,254,254,0.62,Poor
4,53,66,120,206,217,58.49,Good
254,254,254,156,135,131,30.62,Moderate
26,53,88,195,193,191,58.85,Good
23,23,24,220,222,224,79.69,Good
254,254,254,225,241,248,7.4,Poor
254,254,253,24,19,14,91.24,Good
252,252,252,226,219,208,8.8,Poor
252,253,253,247,242,234,4.74,Poor
224,229,232,207,204,214,7.96,Poor
232,232,232,253,253,252,4.37,Poor
228,228,228,247,246,246,3.89,Poor
227,227,227,248,247,246,4.31,Poor
252,253,252,61,57,46,64.92,Good
254,254,254,254,253,253,0.53,Poor
231,230,228,247,246,246,3.57,Poor
253,253,253,185,170,165,20.02,Poor
225,113,142,224,232,236,32.8,Moderate
231,230,228,253,250,247,4.36,Poor
245,245,245,237,234,234,2.63,Poor
245,246,246,254,253,253,1.81,Poor
183,124,124,253,244,244,31.92,Moderate
202,153,74,219,108,59,19.96,Poor
240,235,229,206,209,210,7.66,Poor
254,254,253,214,171,131,24.93,Poor
224,220,218,30,29,32,77.03,Good
244,235,219,157,79,102,46.92,Moderate
254,253,253,194,184,173,16.6,Poor
230,193,184,229,231,232,16.64,Poor
234,232,230,209,214,220,6.28,Poor
244,244,244,226,142,31,34.06,Moderate
245,244,244,244,244,244,0.51,Poor
246,205,207,201,200,200,14.84,Poor
254,253,253,239,238,238,3.07,Poor
241,236,230,179,169,161,16.36,Poor
100,112,129,211,209,215,31.4,Moderate
235,235,231,205,218,225,8.1,Poor
250,190,65,208,208,215,30.99,Moderate
26,54,41,250,249,250,71.2,Good
246,246,246,249,148,189,28.99,Moderate
245,245,245,199,195,197,11.4,Poor
246,246,245,236,236,237,2.32,Poor
231,229,228,250,249,250,4.31,Poor
247,247,247,202,205,207,9.56,Poor
253,253,253,140,119,93,37.26,Moderate
229,230,225,235,232,229,2.59,Poor
252,251,252,252,251,251,0.53,Poor
251,251,251,203,202,204,10.83,Poor
254,253,253,248,168,160,25.98,Moderate
254,254,254,229,224,218,7.02,Poor
254,254,254,118,123,129,35.25,Moderate
88,58,73,226,229,231,57.77,Good
216,145,126,239,239,237,28.74,Moderate
254,254,254,243,242,241,2.49,Poor
254,253,253,50,111,95,48.02,Moderate
78,32,53,239,238,238,71.21,Good
230,230,228,237,187,133,21.47,Poor
254,254,254,95,64,45,59.3,Good
159,117,86,157,135,131,12.67,Poor
246,246,246,205,209,214,8.73,Poor
254,254,254,36,73,113,59.56,Good
254,254,254,138,195,215,22.32,Poor
245,246,243,28,26,32,84.89,Good
245,245,245,225,232,231,4.65,Poor
24,48,42,193,192,197,60.99,Good
229,230,228,234,231,226,2.21,Poor
182,150,149,254,254,254,26.83,Moderate
150,152,151,195,193,191,12.12,Poor
44,47,77,207,125,94,46.94,Moderate
78,69,39,239,236,226,55.88,Good
253,253,252,254,254,254,0.58,Poor
55,55,55,239,239,239,63.9,Good
244,244,244,226,200,171,16.1,Poor
245,245,245,219,209,199,9.57,Poor
245,245,245,175,125,95,34.27,Moderate
254,254,254,220,222,224,6.93,Poor
240,232,229,135,151,167,25.17,Moderate
245,246,246,79,53,68,63.37,Good
254,254,254,207,215,221,9.56,Poor
246,246,246,253,253,253,1.41,Poor
211,206,193,242,240,226,7.65,Poor
219,160,46,230,223,216,27.21,Moderate
230,230,228,142,3,12,60.91,Good
240,232,229,254,253,253,5.22,Poor
245,245,245,246,245,239,2.97,Poor
253,253,253,225,241,248,7.32,Poor
182,202,223,237,235,230,15.3,Poor
38,37,51,226,173,133,61.44,Good
145,67,45,62,63,64,25.68,Moderate
231,230,229,24,19,14,84.75,Good
215,213,219,226,219,209,8.11,Poor
254,254,254,247,242,235,4.35,Poor
66,51,56,207,205,214,58.78,Good
246,245,245,253,253,252,1.77,Poor
246,246,245,248,247,246,0.57,Poor
246,246,246,218,215,217,6.87,Poor
203,131,50,254,253,253,36.48,Moderate
254,254,253,247,246,246,1.76,Poor
238,238,238,184,170,164,17.18,Poor
230,228,227,27,28,25,80.66,Good
231,229,229,224,232,236,4.75,Poor
244,244,244,253,250,247,2.26,Poor
254,254,254,237,234,234,4.25,Poor
217,144,131,254,253,253,30.24,Moderate
232,231,229,59,33,38,73.85,Good
233,232,230,189,114,25,37.32,Moderate
254,253,252,195,213,223,12.46,Poor
235,234,232,170,165,124,22.73,Poor
253,253,253,212,211,218,9.67,Poor
155,82,84,238,238,240,45.25,Moderate
250,250,251,178,166,157,20.73,Poor
74,28,36,185,190,197,61.84,Good
254,253,252,236,236,236,3.58,Poor
233,234,233,151,139,123,26.17,Moderate
245,245,243,193,164,130,23.58,Poor
254,254,253,114,111,117,39.2,Moderate
248,247,247,145,140,134,27.67,Moderate
245,244,242,174,157,140,22.62,Poor
253,253,253,151,148,142,26.34,Moderate
168,62,52,240,242,239,50.36,Good
28,28,28,232,228,225,80.5,Good
252,253,253,230,229,229,5.02,Poor
29,14,14,235,236,234,88.21,Good
171,148,135,153,146,138,7.1,Poor
254,254,254,237,237,237,3.48,Poor
242,238,235,236,236,236,2.24,Poor
243,126,143,151,140,123,27.34,Moderate
216,214,207,194,164,129,17.69,Poor
246,242,238,114,111,117,37.22,Moderate
246,242,239,145,140,133,26.67,Moderate
254,254,254,174,156,140,24.96,Poor
81,31,50,173,156,139,46.66,Moderate
254,254,254,120,134,130,32.89,Moderate
246,246,246,150,148,142,25.05,Moderate
240,236,235,150,148,141,23.32,Poor
254,254,254,240,242,239,3.29,Poor
243,238,235,240,242,239,3.56,Poor
252,251,250,232,228,225,4.96,Poor
242,241,239,232,228,225,3.02,Poor
254,253,254,235,236,234,4.21,Poor
237,68,119,234,236,233,40.84,Moderate
182,182,180,153,146,138,11.23,Poor
246,246,246,152,145,137,25.95,Moderate
254,254,254,226,226,225,5.9,Poor
254,254,254,237,237,237,3.48,Poor
254,254,254,174,157,140,24.76,Poor
227,227,227,237,237,237,2.16,Poor
249,248,248,236,236,236,2.58,Poor
73,36,39,236,236,236,70.74,Good
236,209,206,151,139,123,23.14,Poor
224,220,193,151,139,123,22.63,Poor
254,254,254,194,164,129,25.44,Moderate
254,254,254,194,164,129,25.44,Moderate
71,75,86,114,111,117,14.08,Poor
254,254,254,228,228,226,5.56,Poor
231,230,229,114,111,117,34.66,Moderate
254,253,253,146,141,134,28.57,Moderate
229,54,38,151,148,142,30.58,Moderate
144,148,169,146,141,134,13.81,Poor
254,254,252,240,242,239,2.82,Poor
127,42,49,165,160,146,43.46,Moderate
254,254,254,66,66,31,62.72,Good
242,162,29,216,220,223,32.04,Moderate
223,220,221,232,228,224,3.13,Poor
238,238,238,155,114,103,35.41,Moderate
253,253,253,150,135,126,30.49,Moderate
230,230,228,212,198,188,9.56,Poor
254,252,252,42,44,33,73.98,Good
253,254,254,197,200,197,12.27,Poor
105,132,45,190,199,198,32.55,Moderate
208,187,171,131,119,105,22.33,Poor
180,203,200,223,221,221,12.37,Poor
240,156,152,70,67,52,51.1,Good
138,161,153,234,236,234,22.39,Poor
138,161,153,152,146,138,13.09,Poor
254,254,254,237,237,238,3.51,Poor
242,238,235,170,158,126,23.18,Poor
230,232,230,52,105,31,48.43,Moderate
130,171,144,52,104,31,29.33,Moderate
239,240,238,52,105,31,49.87,Moderate
254,254,254,165,160,146,23.68,Poor
240,233,229,66,66,31,59.6,Good
179,91,88,216,220,223,39.37,Moderate
220,220,218,155,114,103,32.31,Moderate
242,238,235,212,198,188,9.97,Poor
242,238,233,42,44,33,72.01,Good
242,238,235,197,200,197,9.7,Poor
242,238,235,85,110,144,40.99,Moderate
229,230,225,190,199,198,8.49,Poor
242,238,235,131,119,105,33.3,Moderate
254,254,254,223,221,221,6.95,Poor
238,233,228,70,67,52,56.55,Good
192,193,191,251,251,251,13.24,Poor
254,254,254,254,254,254,0.0,Poor
254,254,254,253,253,253,0.2,Poor
11,124,172,165,160,146,32.1,Moderate
205,167,123,66,66,31,45.51,Moderate
204,190,170,216,220,223,13.51,Poor
254,254,254,254,254,254,0.0,Poor
254,254,254,155,115,104,37.82,Moderate
240,232,229,212,198,187,8.66,Poor
240,232,229,50,63,69,60.44,Good
246,246,246,154,157,160,22.27,Poor
246,246,246,244,243,241,1.21,Poor
148,120,125,253,253,252,35.68,Moderate
242,205,79,155,156,160,32.33,Moderate
244,244,244,254,254,254,2.02,Poor
248,248,248,213,212,216,8.07,Poor
208,146,151,244,244,244,28.24,Moderate
253,253,253,236,235,234,3.73,Poor
226,227,225,199,200,197,6.36,Poor
254,254,254,252,252,252,0.4,Poor
231,232,230,208,209,214,6.34,Poor
239,233,229,28,28,28,81.92,Good
174,81,82,81,79,79,25.45,Moderate
254,254,254,223,223,224,6.53,Poor
230,229,228,63,68,76,55.22,Good
240,233,229,52,55,53,63.87,Good
254,254,254,238,238,236,3.47,Poor
254,254,254,247,248,250,1.61,Poor
240,233,229,32,30,37,80.08,Good
229,230,226,50,63,69,59.24,Good
254,254,253,154,157,160,23.85,Poor
155,172,208,244,243,241,22.98,Poor
137,149,195,253,253,252,30.78,Moderate
18,116,96,155,156,160,30.72,Moderate
18,116,96,254,254,254,48.13,Moderate
250,142,173,213,212,216,25.49,Moderate
126,89,109,244,244,244,45.46,Moderate
240,53,59,155,157,154,32.66,Moderate
254,254,254,252,252,252,0.4,Poor
88,21,39,70,68,61,25.85,Moderate
227,227,227,208,209,214,4.83,Poor
27,36,54,28,28,28,10.52,Poor
104,30,20,81,79,79,23.7,Poor
254,254,254,223,224,224,6.37,Poor
254,254,254,63,68,76,59.22,Good
155,154,159,52,55,53,38.28,Moderate
189,190,192,238,238,236,11.39,Poor
42,41,43,247,248,250,74.06,Good
178,178,178,49,63,69,47.29,Moderate
27,27,26,50,63,69,12.83,Poor
254,254,254,251,251,250,0.82,Poor
252,254,251,154,157,160,23.84,Poor
254,254,254,155,157,161,23.76,Poor
182,23,21,244,243,241,53.34,Good
254,254,254,244,243,241,2.45,Poor
254,254,254,253,253,251,1.09,Poor
254,254,254,253,253,251,1.09,Poor
198,51,36,155,156,160,34.24,Moderate
44,44,44,154,156,160,41.47,Moderate
45,39,40,254,254,254,75.56,Good
254,254,254,254,254,254,0.0,Poor
234,234,234,89,96,78,44.21,Moderate
254,254,254,213,212,216,9.22,Poor
253,253,253,213,212,215,8.93,Poor
254,254,254,244,244,244,2.02,Poor
254,254,253,244,244,244,2.08,Poor
254,254,254,155,157,154,23.92,Poor
254,254,254,155,157,154,23.92,Poor
254,254,254,252,252,252,0.4,Poor
155,166,186,208,209,214,13.49,Poor
253,252,251,208,209,214,9.84,Poor
254,254,254,28,28,28,84.7,Good
198,51,36,244,245,244,48.63,Moderate
207,179,116,28,28,28,61.17,Good
254,254,254,81,79,79,53.04,Good
226,94,83,241,240,238,37.83,Moderate
98,89,80,254,254,254,48.32,Moderate
28,28,28,254,254,254,84.7,Good
254,254,254,126,103,75,43.35,Moderate
77,74,111,53,21,6,28.4,Moderate
36,41,80,239,238,238,72.93,Good
76,74,111,38,37,40,19.39,Poor
12,20,45,229,225,220,83.68,Good
254,254,254,220,196,170,17.33,Poor
254,253,253,127,127,111,34.64,Moderate
115,32,48,181,180,174,53.34,Good
227,224,223,24,24,26,80.74,Good
254,254,254,133,137,117,32.28,Moderate
177,180,204,16,19,26,59.89,Good
253,253,253,253,253,253,0.0,Poor
45,46,49,193,190,187,57.63,Good
32,34,50,253,253,253,79.79,Good
251,251,252,254,253,253,0.76,Poor
254,254,254,45,51,57,69.13,Good
60,16,21,251,249,248,83.72,Good
174,12,48,251,249,248,55.45,Good
239,237,238,254,254,253,3.75,Poor
221,177,190,112,57,24,48.72,Moderate
254,254,254,254,254,254,0.0,Poor
213,192,239,236,236,236,20.04,Poor
93,33,43,253,253,253,70.35,Good
253,253,254,74,105,123,44.86,Moderate
252,253,253,247,247,247,1.27,Poor
55,81,158,131,126,121,30.81,Moderate
253,253,254,131,126,121,33.54,Moderate
253,253,254,249,249,248,1.36,Poor
253,253,253,252,252,252,0.2,Poor
254,254,254,254,254,254,0.0,Poor
39,155,212,134,127,117,28.8,Moderate
232,232,232,88,49,85,61.61,Good
15,21,101,68,56,141,11.42,Poor
252,252,252,169,168,166,20.02,Poor
23,20,26,211,203,199,71.12,Good
249,249,250,251,250,249,1.08,Poor
217,220,241,241,241,241,10.1,Poor
253,254,254,49,54,57,67.21,Good
254,254,254,143,141,136,28.75,Moderate
185,39,53,233,232,237,49.09,Moderate
253,254,254,233,232,235,4.89,Poor
251,253,253,236,235,232,4.08,Poor
63,72,109,230,230,228,54.54,Good
193,206,229,212,213,210,11.76,Poor
36,35,38,100,117,129,28.2,Moderate
142,138,139,233,233,229,25.43,Moderate
250,251,253,118,115,113,37.15,Moderate
181,196,225,45,30,33,65.26,Good
192,176,187,237,237,237,16.53,Poor
254,254,253,237,237,237,3.51,Poor
251,251,251,66,77,61,56.39,Good
26,40,57,203,198,198,64.78,Good
217,215,215,155,138,121,22.77,Poor
200,11,22,128,106,88,24.82,Poor
234,233,231,253,253,253,4.25,Poor
30,174,110,254,254,254,35.7,Moderate
247,224,199,229,227,211,8.99,Poor
8,110,96,225,223,222,45.29,Moderate
252,254,253,214,232,216,11.22,Poor
253,254,253,254,254,253,0.5,Poor
218,216,216,185,185,183,8.01,Poor
254,254,254,31,31,31,82.35,Good
240,234,230,252,240,244,5.55,Poor
253,253,253,243,243,242,2.11,Poor
225,227,225,140,125,102,30.1,Moderate
200,199,199,228,228,228,6.74,Poor
228,228,227,160,161,161,17.19,Poor
240,234,230,243,243,243,3.51,Poor
30,35,53,49,26,26,15.96,Poor
239,234,230,185,180,173,13.12,Poor
68,95,121,210,210,210,40.73,Moderate
14,78,92,28,26,27,23.83,Poor
240,233,230,240,240,239,3.49,Poor
240,234,230,94,77,60,50.13,Good
183,178,175,180,156,124,13.36,Poor
227,228,227,170,156,141,19.86,Poor
237,233,231,87,91,85,44.94,Moderate
239,240,238,238,238,238,1.34,Poor
231,232,231,237,237,237,1.41,Poor
230,228,231,237,237,237,2.75,Poor
199,198,197,38,32,32,64.95,Good
253,253,253,230,229,228,5.01,Poor
30,62,94,238,238,238,62.52,Good
234,235,233,254,254,253,4.05,Poor
254,254,254,252,252,251,0.68,Poor
28,28,30,238,238,238,82.55,Good
254,254,252,238,238,238,3.41,Poor
231,131,146,238,238,238,30.84,Moderate
244,125,47,230,230,228,33.27,Moderate
188,190,187,254,254,253,14.69,Poor
130,26,41,254,254,254,64.13,Good
254,254,253,231,219,195,12.15,Poor
118,44,63,199,194,193,51.88,Good
240,228,213,120,121,127,32.53,Moderate
237,180,73,239,239,239,28.25,Moderate
194,187,143,224,222,219,16.88,Poor
240,232,229,127,127,111,31.11,Moderate
241,241,241,229,232,235,2.72,Poor
13,141,151,211,207,203,33.11,Moderate
231,231,231,226,224,220,2.58,Poor
229,228,223,241,241,242,4.18,Poor
248,239,223,244,242,240,6.24,Poor
254,254,253,237,237,237,3.51,Poor
254,254,254,250,250,249,0.98,Poor
110,46,66,14,14,14,27.36,Moderate
80,29,61,234,228,234,69.49,Good
236,243,247,76,79,75,51.83,Good
55,18,27,75,30,35,5.28,Poor
238,238,238,197,192,193,10.74,Poor
227,227,227,220,220,222,1.88,Poor
246,246,246,230,229,228,3.62,Poor
254,254,253,254,254,254,0.54,Poor
242,242,242,254,254,254,2.43,Poor
236,237,237,238,238,238,0.57,Poor
185,109,98,238,238,238,36.82,Moderate
185,109,98,45,47,52,37.57,Moderate
254,253,254,79,71,56,57.36,Good
254,254,253,229,230,225,5.56,Poor
253,254,254,230,229,228,5.23,Poor
26,50,71,230,229,234,67.85,Good
238,161,19,195,195,194,28.3,Moderate
241,233,230,191,188,179,11.91,Poor
81,53,79,232,229,224,61.07,Good
227,227,227,239,240,238,3.01,Poor
225,228,231,230,229,228,2.52,Poor
228,228,228,169,171,174,14.38,Poor
228,228,228,254,254,254,5.42,Poor
228,228,228,206,209,213,4.96,Poor
225,227,229,230,230,229,1.82,Poor
254,254,254,62,54,44,66.34,Good
228,228,227,168,143,116,25.22,Moderate
254,253,253,234,234,236,4.07,Poor
232,231,227,251,250,250,4.55,Poor
239,239,238,217,217,217,4.85,Poor
247,247,247,220,219,219,6.0,Poor
254,254,254,217,217,217,7.88,Poor
254,254,254,220,219,219,7.4,Poor
238,238,238,252,252,251,2.91,Poor
253,253,253,43,44,53,72.78,Good
254,253,253,253,253,253,0.5,Poor
44,47,59,236,236,232,68.96,Good
238,238,238,252,253,252,3.12,Poor
238,238,238,183,178,173,14.55,Poor
197,199,196,254,254,254,12.51,Poor
247,246,248,229,228,227,4.18,Poor
73,37,38,229,228,227,69.17,Good
242,242,241,253,253,253,2.31,Poor
228,228,228,254,254,254,5.42,Poor
186,184,183,27,29,26,59.03,Good
254,254,254,58,58,58,64.34,Good
252,251,251,254,254,254,0.75,Poor
252,252,251,252,252,252,0.54,Poor
254,253,253,40,49,56,70.69,Good
254,254,253,32,40,46,76.69,Good
254,254,254,238,238,238,3.27,Poor
235,234,230,207,207,201,6.33,Poor
253,253,253,155,153,147,24.85,Poor
21,21,20,155,153,147,46.53,Moderate
238,238,238,94,96,91,43.07,Moderate
228,228,228,229,229,228,0.58,Poor
253,252,251,230,228,228,5.03,Poor
254,254,254,230,228,228,5.42,Poor
209,168,150,123,120,111,23.8,Poor
253,252,252,134,107,86,40.76,Moderate
253,252,253,200,183,162,18.62,Poor
244,244,244,137,181,169,23.74,Poor
253,252,253,228,226,227,5.43,Poor
254,254,254,254,254,254,0.0,Poor
253,254,254,254,253,253,1.02,Poor
234,189,178,254,254,254,19.93,Poor
173,146,149,230,230,228,23.72,Poor
254,254,254,254,254,254,0.0,Poor
254,254,254,254,254,254,0.0,Poor
253,253,253,254,254,253,0.57,Poor
199,200,202,210,159,167,19.67,Poor
252,253,252,170,109,132,40.08,Moderate
42,56,126,105,33,52,27.35,Moderate
56,18,25,254,254,254,84.51,Good
254,254,253,230,230,228,5.03,Poor
229,228,226,254,254,254,5.51,Poor
252,252,253,252,251,250,1.08,Poor
231,229,223,186,83,49,41.65,Moderate
227,227,227,31,31,33,78.15,Good
254,254,254,252,251,251,0.75,Poor
250,251,250,253,253,253,0.94,Poor
251,250,250,254,254,254,0.91,Poor
254,253,253,232,231,227,5.09,Poor
240,240,240,254,254,254,2.85,Poor
254,254,254,254,254,254,0.0,Poor
227,227,227,236,183,175,19.04,Poor
241,240,238,230,229,228,2.39,Poor
245,245,247,211,213,210,7.82,Poor
241,239,237,236,234,233,1.17,Poor
239,239,239,230,229,227,2.38,Poor
244,243,241,253,253,254,2.56,Poor
225,225,224,253,254,253,6.06,Poor
236,235,231,254,254,253,4.19,Poor
219,166,10,254,254,254,33.44,Moderate
235,235,231,250,251,253,4.57,Poor
151,73,51,239,239,239,48.79,Moderate
254,222,233,57,63,89,58.9,Good
218,104,40,253,252,253,40.24,Moderate
254,254,254,251,252,252,0.67,Poor
245,245,247,254,254,254,2.08,Poor
245,245,247,237,237,237,2.01,Poor
242,241,242,254,254,254,2.71,Poor
234,235,239,254,253,253,4.27,Poor
242,241,237,247,246,246,2.38,Poor
241,240,238,234,234,234,1.66,Poor
248,248,248,228,228,228,4.22,Poor
203,181,148,238,238,238,18.87,Poor
254,254,254,228,228,228,5.42,Poor
254,254,254,228,228,228,5.42,Poor
228,228,228,227,227,226,0.6,Poor
254,254,254,228,228,228,5.42,Poor
253,253,254,239,239,239,2.92,Poor
234,236,233,254,254,254,4.35,Poor
103,108,111,254,254,254,40.95,Moderate
254,254,254,254,254,254,0.0,Poor
198,178,146,232,232,232,18.32,Poor
232,235,240,235,235,231,4.62,Poor
238,238,238,254,254,253,3.3,Poor
242,241,241,230,230,230,2.44,Poor
242,243,245,253,253,253,2.3,Poor
247,247,247,254,254,254,1.41,Poor
237,238,243,228,228,228,3.33,Poor
243,243,244,229,229,229,3.04,Poor
232,232,232,228,227,227,1.16,Poor
236,233,227,254,254,254,5.26,Poor
230,229,228,253,253,253,5.01,Poor
230,229,229,247,248,246,4.22,Poor
254,254,254,253,253,249,2.09,Poor
254,253,254,169,187,216,19.5,Poor
254,253,254,229,228,227,5.36,Poor
237,237,237,222,223,221,3.39,Poor
246,246,249,239,234,230,4.51,Poor
251,252,250,230,231,229,4.37,Poor
254,254,254,26,23,27,88.07,Good
254,254,254,146,48,39,57.44,Good
254,254,253,253,252,253,1.35,Poor
237,237,236,159,61,21,50.94,Good
254,254,254,230,229,227,5.29,Poor
254,254,254,228,228,228,5.42,Poor
111,137,140,95,94,64,23.12,Poor
126,84,105,171,192,216,40.61,Moderate
76,74,77,254,253,253,55.29,Good
254,254,254,254,254,254,0.0,Poor
254,254,254,97,80,97,51.77,Good
200,198,198,218,150,160,21.57,Poor
231,229,229,253,253,253,5.01,Poor
238,232,227,253,252,252,5.0,Poor
116,89,71,252,223,96,46.07,Moderate
253,253,251,228,226,227,5.92,Poor
253,253,253,251,251,251,0.4,Poor
253,253,253,254,254,254,0.2,Poor
249,230,205,254,253,253,11.86,Poor
231,203,173,11,109,112,46.29,Moderate
254,254,254,60,97,116,48.89,Moderate
254,254,254,232,130,86,34.25,Moderate
227,227,227,204,93,88,37.3,Moderate
238,238,238,38,47,75,69.61,Good
237,237,237,182,157,167,21.89,Poor
237,237,237,182,157,167,21.89,Poor
254,254,254,226,227,226,5.76,Poor
254,254,254,49,59,109,64.8,Good
251,251,251,243,199,180,18.34,Poor
243,248,248,250,253,252,1.44,Poor
222,213,148,182,219,217,22.87,Poor
254,254,254,244,244,244,2.02,Poor
235,215,212,230,229,227,8.51,Poor
254,254,254,217,213,207,9.28,Poor
1,103,55,73,60,53,30.48,Moderate
254,254,254,228,228,228,5.42,Poor
100,146,126,241,240,236,32.52,Moderate
181,100,127,226,227,227,34.67,Moderate
19,74,86,228,228,228,56.81,Good
252,252,252,254,254,254,0.4,Poor
254,254,254,254,254,254,0.0,Poor
254,254,254,201,65,116,45.5,Moderate
85,40,51,55,17,31,7.8,Poor
254,254,254,234,234,234,4.12,Poor
253,252,253,227,227,227,5.36,Poor
35,35,51,253,253,253,78.79,Good
253,252,252,190,202,176,17.81,Poor
253,254,254,228,228,228,5.4,Poor
88,166,181,254,254,254,30.72,Moderate
235,235,235,229,230,225,3.02,Poor
4,110,55,252,252,252,51.6,Good
251,252,251,254,253,253,1.3,Poor
230,229,229,229,228,228,0.22,Poor
89,52,66,229,228,228,59.77,Good
254,253,254,180,140,139,29.67,Moderate
253,253,253,211,195,185,14.42,Poor
224,166,178,254,254,254,25.51,Moderate
254,254,254,92,23,32,73.72,Good
128,145,17,24,27,40,53.25,Good
254,254,254,228,227,227,5.61,Poor
82,191,206,46,42,59,58.99,Good
45,50,130,75,57,48,29.6,Moderate
245,243,242,254,254,254,2.37,Poor
134,230,212,68,41,91,70.74,Good
243,243,243,233,234,229,3.42,Poor
247,247,247,252,252,253,1.16,Poor
247,247,247,229,229,229,3.79,Poor
148,59,38,254,254,254,54.98,Good
254,253,253,254,254,254,0.53,Poor
253,253,254,254,254,254,0.57,Poor
233,215,107,129,173,138,25.72,Moderate
247,247,247,253,252,251,1.21,Poor
254,252,253,229,228,227,5.25,Poor
253,253,253,254,254,254,0.2,Poor
238,238,238,253,253,253,3.07,Poor
200,21,169,254,254,254,49.09,Moderate
253,253,253,151,179,216,23.03,Poor
250,250,249,253,253,253,0.82,Poor
25,63,46,74,113,74,17.72,Poor
61,25,33,254,254,254,80.16,Good
247,190,133,254,254,254,24.26,Poor
254,254,254,254,254,254,0.0,Poor
104,149,73,185,83,49,47.57,Moderate
253,253,253,24,40,62,77.01,Good
36,73,130,253,253,253,59.38,Good
201,143,104,254,254,254,31.56,Moderate
192,175,158,130,86,81,31.89,Moderate
150,54,159,66,27,34,28.77,Moderate
237,237,237,253,250,250,3.18,Poor
231,230,230,254,254,254,4.96,Poor
230,231,229,254,254,254,5.01,Poor
238,239,237,237,237,237,1.34,Poor
254,254,254,253,253,253,0.2,Poor
254,254,254,23,58,55,69.09,Good
254,254,254,177,104,113,40.61,Moderate
254,254,254,253,253,253,0.2,Poor
254,254,254,252,253,253,0.56,Poor
253,253,253,30,30,42,82.6,Good
185,111,75,254,254,254,39.58,Moderate
239,233,229,254,253,253,4.81,Poor
254,254,254,223,197,201,15.71,Poor
4,65,59,253,253,254,67.1,Good
254,254,254,58,80,122,55.34,Good
254,254,254,254,254,254,0.0,Poor
254,254,253,220,220,219,7.2,Poor
147,108,81,147,37,79,28.42,Moderate
70,36,84,254,253,254,72.08,Good
240,232,229,237,237,237,3.8,Poor
238,238,238,253,253,251,3.22,Poor
172,54,115,230,229,227,47.28,Moderate
162,165,173,230,229,227,17.01,Poor
240,232,229,254,254,254,5.63,Poor
240,232,229,50,26,28,79.07,Good
239,234,228,253,253,253,5.06,Poor
240,232,229,174,170,108,25.69,Moderate
200,199,197,179,194,137,18.86,Poor
200,199,197,90,58,44,52.58,Good
200,199,199,231,229,228,7.05,Poor
238,233,229,230,228,226,1.93,Poor
233,216,200,210,85,96,35.69,Moderate
72,43,35,227,227,227,66.63,Good
240,240,241,44,58,31,66.67,Good
251,251,251,151,121,140,35.38,Moderate
200,199,199,86,38,49,60.81,Good
230,231,229,49,74,102,54.69,Good
238,240,237,253,252,252,3.6,Poor
199,198,199,232,232,232,7.87,Poor
254,254,254,230,229,227,5.29,Poor
232,232,229,251,251,250,4.12,Poor
135,95,46,231,230,228,42.79,Moderate
254,254,254,230,230,228,5.13,Poor
250,182,204,230,229,228,22.07,Poor
189,188,186,230,230,230,10.06,Poor
223,224,223,229,229,227,1.3,Poor
241,144,183,240,234,230,28.06,Moderate
223,223,223,239,233,229,3.92,Poor
240,241,239,252,253,252,2.52,Poor
192,191,189,240,232,229,10.5,Poor
235,236,235,230,229,228,1.75,Poor
244,244,244,248,248,248,0.82,Poor
199,200,195,200,199,199,3.13,Poor
240,233,230,254,253,253,4.85,Poor
240,240,240,254,254,254,2.85,Poor
227,227,227,200,199,197,6.63,Poor
244,243,241,240,234,230,2.91,Poor
244,243,241,254,254,253,2.29,Poor
239,239,239,178,197,221,14.8,Poor
254,254,254,252,252,252,0.4,Poor
254,254,253,236,235,231,4.19,Poor
254,254,254,222,205,191,13.17,Poor
230,229,229,229,231,228,2.49,Poor
253,252,252,226,227,225,5.62,Poor
219,217,213,239,241,239,5.48,Poor
229,231,225,254,254,254,6.03,Poor
147,105,79,120,136,117,26.77,Moderate
254,254,254,189,138,140,31.13,Moderate
238,232,229,253,253,253,5.05,Poor
124,46,28,254,254,254,61.8,Good
235,234,232,254,253,253,4.09,Poor
231,230,229,254,253,253,4.83,Poor
230,229,228,235,235,232,1.78,Poor
230,230,228,227,227,227,1.25,Poor
253,252,253,239,240,238,3.35,Poor
254,254,253,226,227,225,5.76,Poor
220,197,190,231,230,230,11.26,Poor
244,228,144,253,253,253,22.66,Poor
143,124,108,254,253,253,34.62,Moderate
235,236,239,251,249,248,3.56,Poor
227,30,37,254,254,254,47.59,Moderate
222,81,29,94,16,37,35.61,Moderate
186,137,99,23,42,74,49.75,Moderate
254,254,254,231,230,228,5.08,Poor
253,253,252,245,247,245,1.79,Poor
248,248,248,200,199,197,11.01,Poor
228,228,228,231,230,229,0.79,Poor
229,225,219,254,254,254,6.78,Poor
1,128,90,200,204,206,37.1,Moderate
254,254,254,240,233,230,5.24,Poor
57,182,233,230,230,228,26.97,Moderate
232,202,210,245,247,245,16.94,Poor
249,211,70,230,229,228,27.19,Moderate
254,254,254,141,113,91,39.07,Moderate
254,254,254,183,72,49,47.93,Moderate
254,254,254,220,220,219,7.24,Poor
222,214,195,231,231,231,9.2,Poor
123,127,137,231,231,231,29.42,Moderate
254,254,254,231,231,231,4.76,Poor
254,254,254,253,253,253,0.2,Poor
35,53,87,254,254,254,68.91,Good
254,254,254,254,254,254,0.0,Poor
21,151,48,254,254,254,42.15,Moderate
182,184,181,74,111,186,33.86,Moderate
254,254,254,244,136,113,32.23,Moderate
254,254,254,74,111,186,44.78,Moderate
254,254,254,50,81,118,55.42,Good
253,253,253,148,40,52,58.04,Good
254,254,254,97,63,76,58.6,Good
254,254,254,252,252,253,0.66,Poor
239,239,239,254,254,254,3.06,Poor
234,202,209,50,50,56,63.11,Good
59,44,33,252,252,253,71.51,Good
211,188,165,252,251,252,18.04,Poor
178,205,224,254,254,254,15.96,Poor
205,203,201,253,253,254,11.06,Poor
7,68,87,99,110,87,26.65,Moderate
204,164,162,254,254,254,24.06,Poor
206,178,142,254,254,254,22.45,Poor
252,118,76,121,142,157,37.94,Moderate
218,218,218,121,100,74,37.86,Moderate
220,223,228,200,195,179,12.22,Poor
228,228,227,237,190,169,17.95,Poor
21,57,139,246,243,244,64.72,Good
254,253,254,52,51,47,68.55,Good
240,91,74,221,204,193,30.14,Moderate
189,235,218,151,170,133,18.57,Poor
239,177,21,101,100,106,43.7,Moderate
179,45,57,254,254,254,52.29,Good
63,80,161,70,70,80,19.86,Poor
249,244,241,253,253,253,3.0,Poor
209,193,235,254,254,254,20.71,Poor
81,83,89,242,241,240,49.27,Moderate
240,240,240,254,254,254,2.85,Poor
118,127,159,20,20,20,38.87,Moderate
107,61,125,252,254,249,59.78,Good
238,200,167,253,253,252,18.79,Poor
197,16,27,247,247,247,51.75,Good
197,16,27,247,247,247,51.75,Good
95,124,159,254,254,254,38.29,Moderate
253,253,253,63,67,45,61.46,Good
254,254,253,254,254,254,0.54,Poor
246,243,243,254,254,254,2.57,Poor
246,244,247,254,254,254,2.79,Poor
253,254,253,244,245,247,2.39,Poor
23,51,44,254,254,254,72.94,Good
254,254,254,254,254,254,0.0,Poor
254,254,254,254,254,254,0.0,Poor
241,241,241,254,254,254,2.64,Poor
27,148,95,228,228,228,36.79,Moderate
120,129,105,247,242,236,33.73,Moderate
32,30,31,247,242,236,81.51,Good
254,254,254,254,254,254,0.0,Poor
133,20,36,254,254,254,64.37,Good
217,22,40,253,254,254,49.53,Moderate
254,254,254,237,236,232,4.23,Poor
246,246,248,45,62,87,62.43,Good
245,246,248,65,65,65,59.17,Good
232,232,232,252,252,252,4.15,Poor
242,243,248,254,254,254,3.33,Poor
208,39,111,232,232,232,44.28,Moderate
208,39,111,254,254,254,47.65,Moderate
254,254,254,254,254,254,0.0,Poor
254,254,254,104,130,102,38.37,Moderate
254,254,253,248,242,236,3.97,Poor
252,253,252,254,254,254,0.86,Poor
253,254,254,253,254,254,0.0,Poor
253,254,251,227,227,228,6.0,Poor
253,254,254,254,254,253,0.63,Poor
254,254,254,110,40,39,65.46,Good
254,254,254,253,254,254,0.5,Poor
244,131,22,230,230,225,33.25,Moderate
191,156,201,40,40,38,52.77,Good
157,217,195,52,50,45,63.97,Good
254,254,254,31,37,51,78.29,Good
254,253,253,130,14,28,65.66,Good
128,9,20,254,254,252,67.16,Good
176,198,229,110,68,50,51.22,Good
252,253,254,254,254,254,0.67,Poor
34,57,157,254,254,253,64.98,Good
249,248,249,51,2,18,91.16,Good
253,254,254,237,188,203,21.16,Poor
168,186,221,254,254,254,20.78,Poor
250,252,252,43,49,25,72.22,Good
29,30,53,124,12,32,29.12,Moderate
254,254,254,254,254,254,0.0,Poor
246,245,247,189,165,142,22.43,Poor
231,229,230,173,147,188,25.59,Moderate
254,254,254,145,64,126,52.37,Good
19,76,93,243,183,72,61.74,Good
202,135,130,170,174,136,31.04,Moderate
254,254,252,253,253,253,1.07,Poor
177,142,193,249,251,252,30.19,Moderate
253,253,253,245,245,245,1.62,Poor
177,142,193,254,254,254,31.91,Moderate
172,158,138,156,99,70,22.42,Poor
254,254,254,235,235,239,4.38,Poor
254,253,253,246,247,244,2.49,Poor
251,250,250,254,253,254,0.81,Poor
229,229,229,63,49,48,64.58,Good
228,228,227,15,112,70,46.21,Moderate
230,230,230,254,254,254,4.98,Poor
254,254,254,163,200,99,28.96,Moderate
254,254,254,228,228,228,5.42,Poor
254,254,254,44,69,115,60.8,Good
241,241,241,238,238,237,0.84,Poor
240,239,238,236,235,231,1.81,Poor
254,254,254,228,224,220,6.65,Poor
254,254,254,254,254,254,0.0,Poor
254,254,254,141,72,38,52.87,Good
254,254,252,242,242,242,2.63,Poor
252,253,253,32,31,34,81.93,Good
252,253,253,234,234,234,3.91,Poor
254,254,254,254,254,254,0.0,Poor
254,253,253,250,250,250,0.82,Poor
254,254,254,241,241,241,2.64,Poor
254,254,254,239,241,243,2.97,Poor
254,254,253,236,236,238,3.99,Poor
67,29,85,226,227,229,71.12,Good
12,14,29,246,246,247,92.8,Good
253,253,253,247,247,247,1.21,Poor
253,254,254,254,254,254,0.5,Poor
185,189,188,231,226,214,10.93,Poor
254,254,254,254,254,254,0.0,Poor
139,76,116,247,247,247,49.31,Moderate
91,90,90,31,37,55,20.2,Poor
241,242,242,246,246,246,1.0,Poor
183,17,18,254,254,254,55.26,Good
254,254,254,227,227,227,5.64,Poor
226,219,206,227,227,227,6.44,Poor
254,254,254,254,254,254,0.0,Poor
254,254,253,254,254,254,0.54,Poor
254,254,253,229,230,225,5.56,Poor
140,65,29,177,177,177,41.17,Moderate
113,46,60,251,253,253,61.52,Good
156,9,8,253,254,254,61.17,Good
254,254,254,254,254,254,0.0,Poor
17,17,17,254,254,254,93.06,Good
48,67,129,252,252,252,61.0,Good
229,229,232,254,254,254,5.4,Poor
42,51,118,253,254,254,68.18,Good
254,254,254,225,6,41,48.66,Moderate
254,254,253,252,252,252,0.66,Poor
254,254,254,73,82,57,55.0,Good
84,40,81,228,228,228,65.0,Good
93,38,45,211,65,116,26.15,Moderate
202,211,189,231,190,221,33.31,Moderate
202,211,189,179,33,35,52.88,Good
215,161,184,159,61,21,39.82,Moderate
18,175,212,253,253,253,31.18,Moderate
143,148,160,254,254,254,27.12,Moderate
254,254,254,254,254,254,0.0,Poor
39,93,75,243,241,237,52.49,Good
231,231,231,254,254,253,4.78,Poor
231,231,231,254,254,253,4.78,Poor
254,254,254,36,38,45,77.19,Good
254,254,254,254,254,253,0.54,Poor
238,46,126,254,253,253,43.04,Moderate
247,247,247,234,235,234,2.69,Poor
146,167,187,254,254,254,23.78,Poor
128,30,44,119,125,6,50.23,Good
226,226,226,239,238,236,2.81,Poor
253,253,253,254,254,253,0.57,Poor
116,127,133,241,240,236,32.1,Moderate
89,147,189,17,99,57,39.88,Moderate
251,251,252,89,195,73,33.89,Moderate
254,254,254,249,249,249,1.0,Poor
254,254,253,28,53,19,73.31,Good
254,254,253,254,254,254,0.54,Poor
253,252,251,247,247,247,1.21,Poor
78,22,38,73,71,75,21.67,Poor
224,122,186,133,69,40,40.44,Moderate
242,242,242,189,31,52,50.58,Good
62,84,60,227,227,226,51.07,Good
62,84,60,193,154,94,39.49,Moderate
25,25,26,254,253,253,86.99,Good
254,254,254,106,70,136,55.14,Good
232,196,107,228,228,228,24.21,Poor
231,183,175,254,254,254,21.25,Poor
33,35,35,154,83,23,33.71,Moderate
212,54,109,42,127,164,52.77,Good
170,184,166,253,253,253,20.11,Poor
228,223,161,239,239,239,19.33,Poor
220,219,217,231,128,35,31.95,Moderate
254,253,253,241,241,241,2.53,Poor
193,133,68,234,235,232,32.75,Moderate
247,247,247,254,254,254,1.41,Poor
253,254,252,243,242,241,2.65,Poor
95,102,120,186,91,73,29.88,Moderate
254,252,253,248,250,253,2.07,Poor
252,254,254,251,253,252,0.57,Poor
252,252,252,254,254,254,0.4,Poor
252,252,252,233,233,233,3.94,Poor
254,254,254,227,227,227,5.64,Poor
2,85,91,247,247,247,56.38,Good
189,180,168,246,246,246,16.46,Poor
253,253,253,230,230,230,4.78,Poor
254,254,254,254,253,253,0.53,Poor
34,28,119,239,68,131,42.89,Moderate
254,254,254,86,113,138,41.63,Moderate
57,56,60,254,254,253,65.29,Good
224,187,102,254,254,254,26.96,Moderate
254,254,254,254,254,254,0.0,Poor
249,249,249,69,77,98,54.32,Good
49,55,77,116,101,76,28.81,Moderate
223,205,219,150,181,205,22.66,Poor
203,191,165,62,43,26,58.46,Good
120,101,86,62,43,26,19.76,Poor
165,182,188,248,248,248,17.68,Poor
233,233,233,252,253,253,4.12,Poor
241,241,244,249,186,22,31.97,Moderate
253,252,252,72,90,32,54.9,Good
21,27,53,165,215,189,74.35,Good
96,36,142,220,37,91,32.32,Moderate
86,85,66,221,219,98,47.19,Moderate
230,130,106,253,253,253,33.5,Moderate
97,108,152,29,68,57,31.03,Moderate
1,83,73,232,231,231,56.28,Good
126,121,127,182,184,182,20.58,Poor
6,100,86,234,234,234,50.03,Good
254,254,253,234,234,234,4.14,Poor
254,254,253,238,238,238,3.3,Poor
254,254,254,240,242,239,3.29,Poor
254,254,254,231,231,230,4.81,Poor
254,254,254,119,168,160,28.56,Moderate
254,254,254,166,117,89,38.02,Moderate
243,243,243,253,253,253,2.03,Poor
254,254,254,207,31,96,48.71,Moderate
236,238,243,197,197,196,9.91,Poor
227,227,230,154,132,160,27.75,Moderate
31,32,34,240,233,229,79.25,Good
254,252,253,27,41,59,76.17,Good
245,246,241,248,175,70,28.8,Moderate
122,39,96,236,236,235,59.41,Good
37,54,40,240,240,240,68.34,Good
253,253,253,254,254,254,0.2,Poor
140,140,138,253,253,253,28.85,Moderate
254,254,253,254,254,254,0.54,Poor
179,152,132,238,234,230,22.31,Poor
81,15,24,219,189,199,63.49,Good
17,75,76,90,70,130,27.35,Moderate
72,120,177,254,254,253,42.07,Moderate
253,253,252,253,254,254,0.65,Poor
253,253,253,253,254,254,0.53,Poor
254,254,254,229,229,228,5.24,Poor
254,253,252,254,253,253,0.54,Poor
206,239,2,254,254,254,30.74,Moderate
240,240,240,182,184,182,13.45,Poor
229,229,229,239,240,239,2.44,Poor
254,254,254,230,230,228,5.13,Poor
254,254,254,229,229,228,5.24,Poor
203,16,36,218,218,218,46.02,Moderate
37,165,96,175,1,35,73.2,Good
3,46,63,254,254,253,75.4,Good
70,41,106,254,254,253,69.86,Good
254,254,254,254,254,254,0.0,Poor
246,246,248,183,91,71,42.79,Moderate
254,254,254,254,254,254,0.0,Poor
254,254,254,253,254,254,0.5,Poor
254,254,254,234,234,234,4.12,Poor
254,254,254,224,223,217,7.23,Poor
254,254,253,72,73,72,56.35,Good
244,244,244,253,252,253,1.87,Poor
167,245,87,254,254,252,28.99,Moderate
253,253,252,194,108,90,39.3,Moderate
236,72,147,104,102,111,29.14,Moderate
63,215,179,120,136,117,25.62,Moderate
229,231,248,253,254,253,9.45,Poor
240,234,228,254,254,254,5.33,Poor
211,215,227,253,253,254,9.65,Poor
216,169,101,235,235,232,25.38,Moderate
134,165,228,235,235,232,28.04,Moderate
240,234,222,253,253,253,6.86,Poor
239,234,228,228,228,228,3.65,Poor
254,253,252,254,253,252,0.0,Poor
254,254,254,183,178,175,17.58,Poor
254,254,254,8,56,36,72.6,Good
254,254,254,254,254,254,0.0,Poor
254,254,254,38,35,40,78.69,Good
254,254,254,231,229,229,5.21,Poor
195,221,212,254,254,253,13.98,Poor
130,130,140,67,25,35,36.7,Moderate
4,108,138,23,27,52,31.45,Moderate
143,215,215,23,27,52,72.65,Good
254,254,254,245,244,242,2.26,Poor
237,236,241,141,113,91,36.5,Moderate
254,254,254,254,254,254,0.0,Poor
160,186,199,254,254,253,19.53,Poor
253,253,253,81,67,46,59.22,Good
18,58,71,224,220,213,63.97,Good
231,231,231,192,176,157,16.09,Poor
254,254,254,138,114,94,38.6,Moderate
254,254,254,78,66,73,58.72,Good
254,254,254,7,5,5,98.06,Good
229,229,229,211,209,207,4.67,Poor
220,221,226,211,209,208,4.16,Poor
228,174,189,211,209,208,18.94,Poor
254,254,253,210,209,208,9.71,Poor
253,253,252,231,227,228,5.79,Poor
202,182,155,45,60,88,56.08,Good
126,117,113,47,63,90,25.85,Moderate
7,130,84,49,63,88,36.28,Moderate
254,254,254,200,146,98,31.41,Moderate
253,254,253,201,146,98,31.63,Moderate
246,246,246,199,143,99,30.69,Moderate
246,246,246,233,229,229,3.94,Poor
150,239,215,220,214,210,24.94,Poor
27,32,52,63,43,48,14.08,Poor
210,39,43,204,211,218,45.01,Moderate
158,138,116,77,24,39,41.3,Moderate
229,229,229,210,194,179,11.48,Poor
253,253,252,206,190,176,15.84,Poor
37,37,69,213,199,185,68.09,Good
243,243,243,237,236,234,1.8,Poor
198,38,103,244,244,246,47.71,Moderate
243,243,243,254,254,253,2.28,Poor
254,254,254,240,232,229,5.63,Poor
254,254,254,240,232,229,5.63,Poor
254,254,252,240,232,229,5.66,Poor
254,254,254,239,233,229,5.15,Poor
254,254,254,29,30,40,82.9,Good
240,234,230,252,252,252,4.67,Poor
240,239,239,252,252,252,2.67,Poor
76,39,58,42,90,94,38.45,Moderate
3,79,59,238,238,238,59.49,Good
3,79,59,253,253,253,61.78,Good
232,202,210,236,235,231,15.1,Poor
97,14,57,229,228,228,69.72,Good
250,244,242,247,247,247,2.83,Poor
249,244,242,231,230,230,3.66,Poor
245,245,245,228,228,229,3.63,Poor
245,245,245,245,245,243,1.07,Poor
245,245,245,254,254,254,1.81,Poor
254,254,254,253,253,253,0.2,Poor
253,253,253,29,29,29,83.81,Good
254,254,254,236,235,231,4.41,Poor
251,250,251,235,235,231,4.31,Poor
251,251,251,235,235,231,3.97,Poor
254,254,254,235,235,231,4.49,Poor
254,254,254,220,207,199,11.53,Poor
254,254,254,220,208,201,11.1,Poor
254,254,254,221,206,199,11.93,Poor
254,254,254,185,177,174,17.9,Poor
233,234,234,192,188,184,11.06,Poor
242,242,242,192,188,185,12.58,Poor
239,239,238,67,53,47,63.84,Good
32,38,55,243,245,242,76.62,Good
76,26,45,139,83,53,26.69,Moderate
84,103,123,174,134,132,29.75,Moderate
254,254,254,153,143,135,28.04,Moderate
253,252,252,190,159,151,23.96,Poor
16,16,16,183,171,158,56.66,Good
148,52,63,132,142,135,39.1,Moderate
52,68,109,156,129,97,39.65,Moderate
254,254,254,208,182,169,18.81,Poor
154,187,186,114,110,113,28.51,Moderate
214,214,214,246,246,246,6.97,Poor
214,214,214,246,246,246,6.97,Poor
4,76,172,246,246,246,57.11,Good
254,254,254,246,246,246,1.61,Poor
190,44,57,201,200,212,43.06,Moderate
253,254,254,202,201,214,13.16,Poor
241,237,238,198,196,208,10.69,Poor
238,233,229,254,253,253,4.69,Poor
233,234,238,80,77,77,50.56,Good
120,202,168,80,78,78,47.16,Moderate
